{"cameraMode":{"drawMode":0,"name":"Shaded","section":"Shading Mode"},"sceneLighting":true,"audioPlay":false,"sceneViewState":{"showFog":true,"showMaterialUpdate":false,"showSkybox":true,"showFlares":true,"showImageEffects":true,"showParticleSystems":true},"in2DMode":false,"pivot":{"x":-2.7392170429229738,"y":-0.963423490524292,"z":0.050647735595703128},"rotation":{"x":-0.16603782773017884,"y":-0.00384618085809052,"z":0.0006562572089023888,"w":-0.9861291646957398},"size":8.244039535522461,"orthographic":false}